|firstName|middleName|lastName|birthDate|startDate|phoneNumber|emailAddress|mailingAddress|interests
|Maxine|Billington|O’Doyle|1981-07-02|2015-07-21|6239843295|Maxine@gmail.com|833 N Jekyl Ave, Tucson, AZ 85716|All types of dancing!
|Thomas|Patrick|O’Doyle|1989-07-24|2009-04-02|6022345521|Filbert@gmail.com|123 N John Lane, Long Beach, CA 92122|Anything.
|James|Michael|Montgomery|1957-07-12|2012-08-09|6194504340|James@gmail.com|7068 Hydle St, San Diego, CA 92122|All dances. I'm interested in all dances.
|Kendo|Maro|Takamoto|1943-09-17|2011-09-01|4342118900|Take@yahoo.com|4342 Prefecture Ln, Tokyo, JA 00998|Wants to learn Karate!
|Jamie|Lynn|Siegler|1980-10-12|2008-02-14|3328784534|Jamie@hollywood.com|1234 Paradise Road, Beverly Hills, CA 92122|Wants to increase her star power.
|Jamie|Middle|Curtis|1963-02-02|2014-06-06|4452324567|JC@hollywood.com|3451 Laurel Canyon Rd, Beverly Hills, CA 90210|Will become a teacher soon in order to show people how to dance like in True Lies.
|Arnold|B|Schwartzenneger|1957-03-04|2014-06-05|1982374234|terminator@future.com|4556 No your beeez st, Anywhere, TX 83774|Just shopping.
|Jack|Patrick|Nicholson|1960-04-09|2014-04-01|1928741255|Shiner@colorado.com|3452 Honeydew Ln, Seattle, WA 23421|Dont like fishing.
|Amy|B|Adams|1963-02-01|2014-06-03|4398571234|spacey@arrival.com|3452 Ultra cool way, iPhoneville, VA 32422|Trying something new.
|Keanu|Matrix|Reeves|1963-02-02|2014-06-02|4853929283|Whoa@inthematrix.org|2342 Vermont ave, iPhoneville, VA 28234|Wants to bow down.
|Blake|Marie|Lively|1963-02-03|2014-06-01|9823472344|minority@report.gov|5673 Michigan St, iPhoneville, VA 23872|Michael Jackson challenged me.
|Tom|Gun|Cruise|1963-02-04|2014-06-00|1238474792|topgun@yourhouse.com|2398 Texas St, iPhoneville, VA 23823|Need to win super dance off.
|Steven|E|Colbert|1963-02-05|2014-06-01|2346239495|americonedream@bjs.com|2834 Pixey Way, iPhoneville, VA 32924|Wife makes me do it.
|Pam|Bee|Beasley|1963-02-06|2014-06-02|5483820123|officesec@theoffice.youwish|4566 Pensyllvania Ave, Washington D.C., 23445|Husband makes me.
|Angela|Q|Martin|1963-02-07|2014-06-03|2837478229|officeB@theoffice.youwish|2344 Variable Hwy, Warshington D.C. 76432|Preparing for a wedding.
|Quincy|R|Jones|1963-02-08|2014-06-04|3298469123|fatherofall@redeyeball.org|7654 Done bout diz house, On diz St, InDizState, 23443|Gathering social skills.
|Kevin|E|Adams|1963-02-28|2014-06-30|2323949328|hi@gopackers.team|4689 Fourth Ave, Redwood City, UT 83432|Have extra money.
|Johnny|B|MacDon|1963-02-27|2014-06-29|3452832342|Johnny@laafb.af.city|123 E 2 st, Inglewood, CA 92143|The bizomb needs to learn some new dance moves.
|James|Billington|Adams|1963-02-26|2014-06-28|3452832343|Jamie@hollywood.com|123 N John Lane, Long Beach, CA 92122|Wants to learn Karate!
|Kendo|Patrick|Reeves|1963-02-25|2014-06-27|3452832344|JC@hollywood.com|7068 Hydle St, San Diego, CA 92122|Wants to increase her star power.
|Jamie|Michael|Lively|1963-02-24|2014-06-26|3452832345|terminator@future.com|4342 Prefecture Ln, Tokyo, JA 00998|Will become a teacher soon in order to show people how to dance like in True Lies.
|Jamie|Maro|Cruise|1963-02-23|2014-06-25|3452832346|Shiner@colorado.com|1234 Paradise Road, Beverly Hills, CA 92122|Just shopping.
|Arnold|Lynn|Colbert|1963-02-22|2014-06-24|3452832347|spacey@arrival.com|3451 Laurel Canyon Rd, Beverly Hills, CA 90210|Dont like fishing.
|Jack|Middle|Beasley|1963-02-21|2014-06-23|3452832348|Whoa@inthematrix.org|4556 No your beeez st, Anywhere, TX 83774|Trying something new.
|Amy|B|Martin|1963-02-20|2014-06-22|3452832349|minority@report.gov|3452 Honeydew Ln, Seattle, WA 23421|Wants to bow down.
|Keanu|Patrick|Jones|1963-02-19|2014-06-21|3452832350|topgun@yourhouse.com|3452 Ultra cool way, iPhoneville, VA 32422|Michael Jackson challenged me.
|Blake|Marie|Adams|1963-02-18|2014-06-20|3452832351|americonedream@bjs.com|2342 Vermont ave, iPhoneville, VA 28234|Need to win super dance off.
|Tom|Gun|MacDon|1963-02-17|2014-06-19|3452832352|officesec@theoffice.youwish|5673 Michigan St, iPhoneville, VA 23872|Wife makes me do it.
|Maxine|E|Adams|1963-02-16|2014-06-18|3452832353|officeB@theoffice.youwish|2398 Texas St, iPhoneville, VA 23823|Husband makes me.
|Thomas|Bee|Reeves|1963-02-15|2014-06-17|3452832354|fatherofall@redeyeball.org|2834 Pixey Way, iPhoneville, VA 32924|Preparing for a wedding.
|James|Q|Lively|1963-02-14|2014-06-16|3452832355|Maxine@gmail.com|124 N John Lane, Long Beach, CA 92122|Gathering social skills.
|Kendo|Bloc|Cruise|1963-02-13|2014-06-15|3452832356|Filbert@gmail.com|7069 Hydle St, San Diego, CA 92122|Have extra money.
|Jamie|Varney|Colbert|1963-02-12|2014-06-14|3452832357|James@gmail.com|4343 Prefecture Ln, Tokyo, JA 00998|The bizomb needs to learn some new dance moves.
|Jamie|Pillary|Beasley|1963-02-11|2014-06-13|3452832358|Take@yahoo.com|1235 Paradise Road, Beverly Hills, CA 92122|All types of dancing!
|Arnold|Fixerd|Martin|1963-02-10|2014-06-12|3452832359|Jamie@hollywood.com|1236 Paradise Road, Beverly Hills, CA 92122|Anything.
|Maxine|Patrick|Takamoto|1981-07-02|2009-04-02|6022345521|Take@yahoo.com|4342 Prefecture Ln, Tokyo, JA 00998|Wants to learn Karate!
|Thomas|Michael|Siegler|1989-07-24|2012-08-09|6194504340|Jamie@hollywood.com|1234 Paradise Road, Beverly Hills, CA 92122|Wants to increase her star power.
|James|Maro|Curtis|1957-07-12|2011-09-01|4342118900|JC@hollywood.com|3451 Laurel Canyon Rd, Beverly Hills, CA 90210|Will become a teacher soon in order to show people how to dance like in True Lies.
|Kendo|Lynn|Schwartzenneger|1943-09-17|2008-02-14|3328784534|terminator@future.com|4556 No your beeez st, Anywhere, TX 83774|Just shopping.
|Jamie|Middle|Nicholson|1980-10-12|2014-06-06|4452324567|Shiner@colorado.com|3452 Honeydew Ln, Seattle, WA 23421|Dont like fishing.
|Jamie|B|Adams|1963-02-02|2014-06-05|1982374234|spacey@arrival.com|3452 Ultra cool way, iPhoneville, VA 32422|Trying something new.
|Arnold|Patrick|Reeves|1957-03-04|2014-04-01|1928741255|Whoa@inthematrix.org|2342 Vermont ave, iPhoneville, VA 28234|Wants to bow down.
|Jack|B|Lively|1960-04-09|2014-06-03|4398571234|minority@report.gov|5673 Michigan St, iPhoneville, VA 23872|Michael Jackson challenged me.
|Amy|Matrix|Cruise|1963-02-01|2014-06-02|4853929283|topgun@yourhouse.com|2398 Texas St, iPhoneville, VA 23823|Need to win super dance off.
|Keanu|Marie|Colbert|1963-02-02|2014-06-01|9823472344|americonedream@bjs.com|2834 Pixey Way, iPhoneville, VA 32924|Wife makes me do it.
|Blake|Gun|Beasley|1963-02-03|2014-06-00|1238474792|officesec@theoffice.youwish|4566 Pensyllvania Ave, Washington D.C., 23445|Husband makes me.
|Tom|E|Martin|1963-02-04|2014-06-01|2346239495|officeB@theoffice.youwish|2344 Variable Hwy, Warshington D.C. 76432|Preparing for a wedding.
|Steven|Bee|Jones|1963-02-05|2014-06-02|5483820123|fatherofall@redeyeball.org|7654 Done bout diz house, On diz St, InDizState, 23443|Gathering social skills.
|Pam|Q|Adams|1963-02-06|2014-06-03|2837478229|hi@gopackers.team|4689 Fourth Ave, Redwood City, UT 83432|Have extra money.
|Angela|R|MacDon|1963-02-07|2014-06-04|6022345521|Johnny@laafb.af.city|123 E 2 st, Inglewood, CA 92143|The bizomb needs to learn some new dance moves.
|Quincy|E|Adams|1963-02-08|2014-06-30|6194504340|Jamie@hollywood.com|123 N John Lane, Long Beach, CA 92122|Wants to learn Karate!
|Kevin|B|Reeves|1963-02-28|2014-06-29|4342118900|JC@hollywood.com|7068 Hydle St, San Diego, CA 92122|Wants to increase her star power.
|Johnny|Billington|Lively|1963-02-27|2014-06-28|3328784534|terminator@future.com|4342 Prefecture Ln, Tokyo, JA 00998|Will become a teacher soon in order to show people how to dance like in True Lies.
|James|Patrick|Cruise|1963-02-26|2014-06-27|4452324567|Shiner@colorado.com|1234 Paradise Road, Beverly Hills, CA 92122|Just shopping.
|Kendo|Michael|Colbert|1963-02-25|2014-06-26|1982374234|spacey@arrival.com|3451 Laurel Canyon Rd, Beverly Hills, CA 90210|Dont like fishing.
|Jamie|Maro|Beasley|1963-02-24|2014-06-25|1928741255|Whoa@inthematrix.org|4556 No your beeez st, Anywhere, TX 83774|Trying something new.
|Jamie|Lynn|Martin|1963-02-23|2014-06-24|4398571234|minority@report.gov|3452 Honeydew Ln, Seattle, WA 23421|Wants to bow down.
|Arnold|Middle|Jones|1963-02-22|2014-06-23|4853929283|topgun@yourhouse.com|3452 Ultra cool way, iPhoneville, VA 32422|Michael Jackson challenged me.
|Jack|B|Adams|1963-02-21|2014-06-22|9823472344|americonedream@bjs.com|2342 Vermont ave, iPhoneville, VA 28234|Need to win super dance off.
|Amy|Patrick|MacDon|1963-02-20|2014-06-21|1238474792|officesec@theoffice.youwish|5673 Michigan St, iPhoneville, VA 23872|Wife makes me do it.
|Keanu|Marie|Adams|1963-02-19|2014-06-20|2346239495|officeB@theoffice.youwish|2398 Texas St, iPhoneville, VA 23823|Husband makes me.
|Blake|Gun|Reeves|1963-02-18|2014-06-19|5483820123|fatherofall@redeyeball.org|2834 Pixey Way, iPhoneville, VA 32924|Preparing for a wedding.
|Tom|E|Lively|1963-02-17|2014-06-18|2837478229|Maxine@gmail.com|124 N John Lane, Long Beach, CA 92122|Gathering social skills.
|Maxine|Bee|Cruise|1963-02-16|2014-06-17|6022345521|Filbert@gmail.com|7069 Hydle St, San Diego, CA 92122|Have extra money.
|Thomas|Q|Colbert|1963-02-15|2014-06-16|6194504340|James@gmail.com|4343 Prefecture Ln, Tokyo, JA 00998|The bizomb needs to learn some new dance moves.
|James|Bloc|Beasley|1963-02-14|2014-06-15|4342118900|Take@yahoo.com|1235 Paradise Road, Beverly Hills, CA 92122|All types of dancing!
|Kendo|Varney|Martin|1963-02-13|2014-06-14|3328784534|Jamie@hollywood.com|1236 Paradise Road, Beverly Hills, CA 92122|Anything.
|Jamie|Pillary|James|1963-02-12|2014-06-13|4452324567|fatherofall@redeyeball.org|7654 Done bout diz house, On diz St, InDizState, 23443|Gathering social skills.
|Jamie|Fixerd|Hobbs|1963-02-11|2014-06-12|1982374234|hi@gopackers.team|4689 Fourth Ave, Redwood City, UT 83432|Have extra money.
|Arnold|Aeroplane|Jefferson|1963-02-10|2014-06-11|1928741255|Johnny@laafb.af.city|123 E 2 st, Inglewood, CA 92143|The bizomb needs to learn some new dance moves.
